<?xml version="1.0"?>
<!--<!DOCTYPE metadata SYSTEM "http://www.esri.com/metadata/esriprof80.dtd">-->
<metadata xml:lang="en"><Esri><MetaID>{2638F443-F528-45D7-994B-17CB1E297CBB}</MetaID><CreaDate>20060729</CreaDate><CreaTime>14265100</CreaTime><SyncOnce>FALSE</SyncOnce><DataProperties><lineage><Process Name="DefineProjection_2" ToolSource="C:\Program Files\ArcGIS\ArcToolbox\Toolboxes\Data Management Tools.tbx\DefineProjection" Date="20060729" Time="142651">DefineProjection L:\MEHI_Final_Delivery\AA_GIS_Data\UTM_Zone_5\mehi_aa_zone_5.shp PROJCS['NAD_1983_UTM_Zone_5N',GEOGCS['GCS_North_American_1983',DATUM['D_North_American_1983',SPHEROID['GRS_1980',6378137.0,298.257222101]],PRIMEM['Greenwich',0.0],UNIT['Degree',0.0174532925199433]],PROJECTION['Transverse_Mercator'],PARAMETER['False_Easting',500000.0],PARAMETER['False_Northing',0.0],PARAMETER['Central_Meridian',-153.0],PARAMETER['Scale_Factor',0.9996],PARAMETER['Latitude_Of_Origin',0.0],UNIT['Meter',1.0]] L:\MEHI_Final_Delivery\AA_GIS_Data\UTM_Zone_5\mehi_aa_zone_5.shp</Process></lineage></DataProperties><SyncDate>20060729</SyncDate><SyncTime>14405100</SyncTime><ModDate>20060729</ModDate><ModTime>14405100</ModTime></Esri><idinfo><native Sync="TRUE">Microsoft Windows XP Version 5.1 (Build 2600) Service Pack 2; ESRI ArcCatalog 9.1.0.722</native><descript><langdata Sync="TRUE">en</langdata><abstract>REQUIRED: A brief narrative summary of the data set.</abstract><purpose>REQUIRED: A summary of the intentions with which the data set was developed.</purpose></descript><citation><citeinfo><origin>REQUIRED: The name of an organization or individual that developed the data set.</origin><pubdate>REQUIRED: The date when the data set is published or otherwise made available for release.</pubdate><title Sync="TRUE">mehi_aa_zone_5</title><ftname Sync="TRUE">mehi_aa_zone_5</ftname><geoform Sync="TRUE">vector digital data</geoform><onlink Sync="TRUE">\\BUILT-7\L$\MEHI_Final_Delivery\AA_GIS_Data\UTM_Zone_5\mehi_aa_zone_5.shp</onlink></citeinfo></citation><timeperd><current>REQUIRED: The basis on which the time period of content information is determined.</current><timeinfo><sngdate><caldate>REQUIRED: The year (and optionally month, or month and day) for which the data set corresponds to the ground.</caldate></sngdate></timeinfo></timeperd><status><progress>REQUIRED: The state of the data set.</progress><update>REQUIRED: The frequency with which changes and additions are made to the data set after the initial data set is completed.</update></status><spdom><bounding><westbc Sync="TRUE">-156.060298</westbc><eastbc Sync="TRUE">-155.985947</eastbc><northbc Sync="TRUE">19.836202</northbc><southbc Sync="TRUE">19.667532</southbc></bounding><lboundng><leftbc Sync="TRUE">179426.449000</leftbc><rightbc Sync="TRUE">186895.738000</rightbc><bottombc Sync="TRUE">2177571.417000</bottombc><topbc Sync="TRUE">2196128.768000</topbc></lboundng></spdom><keywords><theme><themekt>REQUIRED: Reference to a formally registered thesaurus or a similar authoritative source of theme keywords.</themekt><themekey>REQUIRED: Common-use word or phrase used to describe the subject of the data set.</themekey></theme></keywords><accconst>REQUIRED: Restrictions and legal prerequisites for accessing the data set.</accconst><useconst>REQUIRED: Restrictions and legal prerequisites for using the data set after access is granted.</useconst><natvform Sync="TRUE">Shapefile</natvform></idinfo><dataIdInfo><envirDesc Sync="TRUE">Microsoft Windows XP Version 5.1 (Build 2600) Service Pack 2; ESRI ArcCatalog 9.1.0.722</envirDesc><dataLang><languageCode Sync="TRUE" value="en"></languageCode></dataLang><idCitation><resTitle Sync="TRUE">mehi_aa_zone_5</resTitle><presForm><PresFormCd Sync="TRUE" value="005"></PresFormCd></presForm></idCitation><spatRpType><SpatRepTypCd Sync="TRUE" value="001"></SpatRepTypCd></spatRpType><dataExt><geoEle><GeoBndBox esriExtentType="native"><westBL Sync="TRUE">179426.449</westBL><eastBL Sync="TRUE">186895.738</eastBL><northBL Sync="TRUE">2196128.768</northBL><southBL Sync="TRUE">2177571.417</southBL><exTypeCode Sync="TRUE">1</exTypeCode></GeoBndBox></geoEle></dataExt><geoBox esriExtentType="decdegrees"><westBL Sync="TRUE">-156.060298</westBL><eastBL Sync="TRUE">-155.985947</eastBL><northBL Sync="TRUE">19.836202</northBL><southBL Sync="TRUE">19.667532</southBL><exTypeCode Sync="TRUE">1</exTypeCode></geoBox></dataIdInfo><metainfo><langmeta Sync="TRUE">en</langmeta><metstdn Sync="TRUE">FGDC Content Standards for Digital Geospatial Metadata</metstdn><metstdv Sync="TRUE">FGDC-STD-001-1998</metstdv><mettc Sync="TRUE">local time</mettc><metc><cntinfo><cntorgp><cntper>REQUIRED: The person responsible for the metadata information.</cntper><cntorg>REQUIRED: The organization responsible for the metadata information.</cntorg></cntorgp><cntaddr><addrtype>REQUIRED: The mailing and/or physical address for the organization or individual.</addrtype><city>REQUIRED: The city of the address.</city><state>REQUIRED: The state or province of the address.</state><postal>REQUIRED: The ZIP or other postal code of the address.</postal></cntaddr><cntvoice>REQUIRED: The telephone number by which individuals can speak to the organization or individual.</cntvoice></cntinfo></metc><metd Sync="TRUE">20060729</metd><metextns><onlink Sync="TRUE">http://www.esri.com/metadata/esriprof80.html</onlink><metprof Sync="TRUE">ESRI Metadata Profile</metprof></metextns></metainfo><mdLang><languageCode Sync="TRUE" value="en"></languageCode></mdLang><mdStanName Sync="TRUE">ISO 19115 Geographic Information - Metadata</mdStanName><mdStanVer Sync="TRUE">DIS_ESRI1.0</mdStanVer><mdChar><CharSetCd Sync="TRUE" value="004"></CharSetCd></mdChar><mdHrLv><ScopeCd Sync="TRUE" value="005"></ScopeCd></mdHrLv><mdHrLvName Sync="TRUE">dataset</mdHrLvName><distinfo><resdesc Sync="TRUE">Downloadable Data</resdesc><stdorder><digform><digtinfo><transize Sync="TRUE">0.001</transize><dssize Sync="TRUE">0.001</dssize></digtinfo></digform></stdorder></distinfo><distInfo><distributor><distorTran><onLineSrc><orDesc Sync="TRUE">002</orDesc><linkage Sync="TRUE">file://\\BUILT-7\L$\MEHI_Final_Delivery\AA_GIS_Data\UTM_Zone_5\mehi_aa_zone_5.shp</linkage><protocol Sync="TRUE">Local Area Network</protocol></onLineSrc><transSize Sync="TRUE">0.001</transSize></distorTran><distorFormat><formatName Sync="TRUE">Shapefile</formatName></distorFormat></distributor></distInfo><spdoinfo><direct Sync="TRUE">Vector</direct><ptvctinf><esriterm Name="mehi_aa_zone_5"><efeatyp Sync="TRUE">Simple</efeatyp><efeageom Sync="TRUE">Point</efeageom><esritopo Sync="TRUE">FALSE</esritopo><efeacnt Sync="TRUE">39</efeacnt><spindex Sync="TRUE">FALSE</spindex><linrefer Sync="TRUE">FALSE</linrefer></esriterm><sdtsterm Name="mehi_aa_zone_5"><sdtstype Sync="TRUE">Entity point</sdtstype><ptvctcnt Sync="TRUE">39</ptvctcnt></sdtsterm></ptvctinf></spdoinfo><spref><horizsys><cordsysn><geogcsn Sync="TRUE">GCS_North_American_1983</geogcsn><projcsn Sync="TRUE">NAD_1983_UTM_Zone_5N</projcsn></cordsysn><planar><planci><plance Sync="TRUE">coordinate pair</plance><plandu Sync="TRUE">meters</plandu><coordrep><absres Sync="TRUE">0.000032</absres><ordres Sync="TRUE">0.000032</ordres></coordrep></planci><gridsys><gridsysn Sync="TRUE">Universal Transverse Mercator</gridsysn><utm><utmzone Sync="TRUE">5</utmzone><transmer><sfctrmer Sync="TRUE">0.999600</sfctrmer><longcm Sync="TRUE">-153.000000</longcm><latprjo Sync="TRUE">0.000000</latprjo><feast Sync="TRUE">500000.000000</feast><fnorth Sync="TRUE">0.000000</fnorth></transmer></utm></gridsys></planar><geodetic><horizdn Sync="TRUE">North American Datum of 1983</horizdn><ellips Sync="TRUE">Geodetic Reference System 80</ellips><semiaxis Sync="TRUE">6378137.000000</semiaxis><denflat Sync="TRUE">298.257222</denflat></geodetic></horizsys></spref><refSysInfo><RefSystem><refSysID><identCode Sync="TRUE">NAD_1983_UTM_Zone_5N</identCode></refSysID></RefSystem></refSysInfo><spatRepInfo><VectSpatRep><topLvl><TopoLevCd Sync="TRUE" value="001"></TopoLevCd></topLvl><geometObjs Name="mehi_aa_zone_5"><geoObjTyp><GeoObjTypCd Sync="TRUE" value="004"></GeoObjTypCd></geoObjTyp><geoObjCnt Sync="TRUE">39</geoObjCnt></geometObjs></VectSpatRep></spatRepInfo><eainfo><detailed Name="mehi_aa_zone_5"><enttyp><enttypl Sync="TRUE">mehi_aa_zone_5</enttypl><enttypt Sync="TRUE">Feature Class</enttypt><enttypc Sync="TRUE">39</enttypc></enttyp><attr><attrlabl Sync="TRUE">FID</attrlabl><attalias Sync="TRUE">FID</attalias><attrtype Sync="TRUE">OID</attrtype><attwidth Sync="TRUE">4</attwidth><atprecis Sync="TRUE">0</atprecis><attscale Sync="TRUE">0</attscale><attrdef Sync="TRUE">Internal feature number.</attrdef><attrdefs Sync="TRUE">ESRI</attrdefs><attrdomv><udom Sync="TRUE">Sequential unique whole numbers that are automatically generated.</udom></attrdomv></attr><attr><attrlabl Sync="TRUE">Shape</attrlabl><attalias Sync="TRUE">Shape</attalias><attrtype Sync="TRUE">Geometry</attrtype><attwidth Sync="TRUE">0</attwidth><atprecis Sync="TRUE">0</atprecis><attscale Sync="TRUE">0</attscale><attrdef Sync="TRUE">Feature geometry.</attrdef><attrdefs Sync="TRUE">ESRI</attrdefs><attrdomv><udom Sync="TRUE">Coordinates defining the features.</udom></attrdomv></attr><attr><attrlabl Sync="TRUE">UTMZONE</attrlabl><attalias Sync="TRUE">UTMZONE</attalias><attrtype Sync="TRUE">Number</attrtype><attwidth Sync="TRUE">1</attwidth></attr><attr><attrlabl Sync="TRUE">ISLAND</attrlabl><attalias Sync="TRUE">ISLAND</attalias><attrtype Sync="TRUE">String</attrtype><attwidth Sync="TRUE">7</attwidth></attr><attr><attrlabl Sync="TRUE">BUNDLE</attrlabl><attalias Sync="TRUE">BUNDLE</attalias><attrtype Sync="TRUE">Number</attrtype><attwidth Sync="TRUE">2</attwidth></attr><attr><attrlabl Sync="TRUE">SITE_ID</attrlabl><attalias Sync="TRUE">SITE_ID</attalias><attrtype Sync="TRUE">String</attrtype><attwidth Sync="TRUE">3</attwidth></attr><attr><attrlabl Sync="TRUE">DEPTH</attrlabl><attalias Sync="TRUE">DEPTH</attalias><attrtype Sync="TRUE">Number</attrtype><attwidth Sync="TRUE">3</attwidth></attr><attr><attrlabl Sync="TRUE">DATA_TYPE</attrlabl><attalias Sync="TRUE">DATA_TYPE</attalias><attrtype Sync="TRUE">String</attrtype><attwidth Sync="TRUE">2</attwidth></attr><attr><attrlabl Sync="TRUE">RELIEF</attrlabl><attalias Sync="TRUE">RELIEF</attalias><attrtype Sync="TRUE">Number</attrtype><attwidth Sync="TRUE">1</attwidth></attr><attr><attrlabl Sync="TRUE">MAJ_STRUCT</attrlabl><attalias Sync="TRUE">MAJ_STRUCT</attalias><attrtype Sync="TRUE">String</attrtype><attwidth Sync="TRUE">12</attwidth></attr><attr><attrlabl Sync="TRUE">DET_STRUCT</attrlabl><attalias Sync="TRUE">DET_STRUCT</attalias><attrtype Sync="TRUE">String</attrtype><attwidth Sync="TRUE">19</attwidth></attr><attr><attrlabl Sync="TRUE">PRIM_COVER</attrlabl><attalias Sync="TRUE">PRIM_COVER</attalias><attrtype Sync="TRUE">String</attrtype><attwidth Sync="TRUE">10</attwidth></attr><attr><attrlabl Sync="TRUE">MODIFIER</attrlabl><attalias Sync="TRUE">MODIFIER</attalias><attrtype Sync="TRUE">String</attrtype><attwidth Sync="TRUE">8</attwidth></attr><attr><attrlabl Sync="TRUE">ZONE</attrlabl><attalias Sync="TRUE">ZONE</attalias><attrtype Sync="TRUE">String</attrtype><attwidth Sync="TRUE">9</attwidth></attr><attr><attrlabl Sync="TRUE">UW_ASSESSM</attrlabl><attalias Sync="TRUE">UW_ASSESSM</attalias><attrtype Sync="TRUE">String</attrtype><attwidth Sync="TRUE">12</attwidth></attr><attr><attrlabl Sync="TRUE">Z_LIVE_COR</attrlabl><attalias Sync="TRUE">Z_LIVE_COR</attalias><attrtype Sync="TRUE">Number</attrtype><attwidth Sync="TRUE">2</attwidth></attr><attr><attrlabl Sync="TRUE">Z_MAC</attrlabl><attalias Sync="TRUE">Z_MAC</attalias><attrtype Sync="TRUE">Number</attrtype><attwidth Sync="TRUE">3</attwidth></attr><attr><attrlabl Sync="TRUE">Z_SEAGRASS</attrlabl><attalias Sync="TRUE">Z_SEAGRASS</attalias><attrtype Sync="TRUE">Number</attrtype><attwidth Sync="TRUE">0</attwidth></attr><attr><attrlabl Sync="TRUE">Z_CA</attrlabl><attalias Sync="TRUE">Z_CA</attalias><attrtype Sync="TRUE">Number</attrtype><attwidth Sync="TRUE">2</attwidth></attr><attr><attrlabl Sync="TRUE">Z_TURF</attrlabl><attalias Sync="TRUE">Z_TURF</attalias><attrtype Sync="TRUE">Number</attrtype><attwidth Sync="TRUE">2</attwidth></attr><attr><attrlabl Sync="TRUE">Z_SAND</attrlabl><attalias Sync="TRUE">Z_SAND</attalias><attrtype Sync="TRUE">Number</attrtype><attwidth Sync="TRUE">2</attwidth></attr><attr><attrlabl Sync="TRUE">Z_MUD</attrlabl><attalias Sync="TRUE">Z_MUD</attalias><attrtype Sync="TRUE">Number</attrtype><attwidth Sync="TRUE">2</attwidth></attr><attr><attrlabl Sync="TRUE">Z_EMERG_VE</attrlabl><attalias Sync="TRUE">Z_EMERG_VE</attalias><attrtype Sync="TRUE">Number</attrtype><attwidth Sync="TRUE">2</attwidth></attr><attr><attrlabl Sync="TRUE">Z_BARE_OTH</attrlabl><attalias Sync="TRUE">Z_BARE_OTH</attalias><attrtype Sync="TRUE">Number</attrtype><attwidth Sync="TRUE">3</attwidth></attr><attr><attrlabl Sync="TRUE">UW_PHOTO</attrlabl><attalias Sync="TRUE">UW_PHOTO</attalias><attrtype Sync="TRUE">String</attrtype><attwidth Sync="TRUE">3</attwidth></attr><attr><attrlabl Sync="TRUE">MAX_PDOP</attrlabl><attalias Sync="TRUE">MAX_PDOP</attalias><attrtype Sync="TRUE">Number</attrtype><attwidth Sync="TRUE">3</attwidth><atnumdec Sync="TRUE">1</atnumdec></attr><attr><attrlabl Sync="TRUE">CORR_TYPE</attrlabl><attalias Sync="TRUE">CORR_TYPE</attalias><attrtype Sync="TRUE">String</attrtype><attwidth Sync="TRUE">18</attwidth></attr><attr><attrlabl Sync="TRUE">GPS_DATE</attrlabl><attalias Sync="TRUE">GPS_DATE</attalias><attrtype Sync="TRUE">String</attrtype><attwidth Sync="TRUE">9</attwidth></attr><attr><attrlabl Sync="TRUE">GPS_TIME</attrlabl><attalias Sync="TRUE">GPS_TIME</attalias><attrtype Sync="TRUE">String</attrtype><attwidth Sync="TRUE">10</attwidth></attr><attr><attrlabl Sync="TRUE">HORZ_PREC</attrlabl><attalias Sync="TRUE">HORZ_PREC</attalias><attrtype Sync="TRUE">Number</attrtype><attwidth Sync="TRUE">5</attwidth><atnumdec Sync="TRUE">3</atnumdec></attr><attr><attrlabl Sync="TRUE">STD_DEV</attrlabl><attalias Sync="TRUE">STD_DEV</attalias><attrtype Sync="TRUE">Number</attrtype><attwidth Sync="TRUE">9</attwidth><atnumdec Sync="TRUE">6</atnumdec></attr><attr><attrlabl Sync="TRUE">NORTHING</attrlabl><attalias Sync="TRUE">NORTHING</attalias><attrtype Sync="TRUE">Number</attrtype><attwidth Sync="TRUE">11</attwidth><atnumdec Sync="TRUE">3</atnumdec></attr><attr><attrlabl Sync="TRUE">EASTING</attrlabl><attalias Sync="TRUE">EASTING</attalias><attrtype Sync="TRUE">Number</attrtype><attwidth Sync="TRUE">10</attwidth><atnumdec Sync="TRUE">3</atnumdec></attr><attr><attrlabl Sync="TRUE">POINT</attrlabl><attalias Sync="TRUE">POINT</attalias><attrtype Sync="TRUE">String</attrtype><attwidth Sync="TRUE">10</attwidth></attr><attr><attrlabl Sync="TRUE">COVER</attrlabl><attalias Sync="TRUE">COVER</attalias><attrtype Sync="TRUE">String</attrtype><attwidth Sync="TRUE">19</attwidth></attr><attr><attrlabl Sync="TRUE">COMMENTS</attrlabl><attalias Sync="TRUE">COMMENTS</attalias><attrtype Sync="TRUE">String</attrtype><attwidth Sync="TRUE">61</attwidth></attr></detailed></eainfo><mdDateSt Sync="TRUE">20060729</mdDateSt></metadata>
